日期,收盘,开盘,高,低,交易量,涨跌幅
2022年10月31日,111.455,110.69,111.535,110.585,-,0.77%
2022年10月28日,110.606,110.395,110.925,110.135,38.12K,0.14%
2022年10月27日,110.453,109.45,110.48,109.365,50.40K,0.82%
2022年10月26日,109.552,110.84,111.015,109.465,50.48K,-1.15%
2022年10月25日,110.83,111.815,112.065,110.625,49.49K,-0.96%
2022年10月24日,111.909,111.605,112.465,111.335,40.55K,-0.06%
2022年10月21日,111.98,112.845,113.835,111.575,113.49K,-0.74%
2022年10月20日,112.818,112.9,113.03,112.05,39.69K,-0.05%
2022年10月19日,112.879,111.815,112.995,111.78,34.23K,0.79%
2022年10月18日,111.994,111.97,112.35,111.63,41.68K,0.08%
2022年10月17日,111.908,113.17,113.17,111.79,41.50K,-1.14%
2022年10月14日,113.202,112.475,113.3,112.06,47.79K,0.85%
2022年10月13日,112.253,113.175,113.85,112.02,78.59K,-0.86%
2022年10月12日,113.224,113.23,113.495,112.905,39.16K,0.08%
2022年10月11日,113.128,113.005,113.47,112.295,47.26K,0.05%
2022年10月10日,113.071,112.655,113.285,112.51,34.69K,0.34%
2022年10月7日,112.683,112.215,112.775,111.865,42.76K,0.45%
2022年10月6日,112.183,110.88,112.235,110.72,33.41K,1.06%
2022年10月5日,111.011,110.075,111.655,109.985,37.55K,0.94%
2022年10月4日,109.981,111.505,111.825,109.965,51.31K,-1.50%
2022年10月3日,111.656,112.15,112.53,111.405,39.38K,-0.38%
2022年9月30日,112.084,111.81,112.7,111.54,54.60K,-0.11%
2022年9月29日,112.202,112.96,113.72,111.95,56.44K,-0.27%
2022年9月28日,112.508,114.105,114.745,112.455,99.32K,-1.35%
2022年9月27日,114.047,113.845,114.425,113.26,55.23K,0.02%
2022年9月26日,114.02,112.99,114.445,112.665,87.87K,0.94%
2022年9月23日,112.962,111.005,113,110.84,54.78K,1.67%
2022年9月22日,111.105,111.22,111.58,110.22,55.61K,0.69%
2022年9月21日,110.346,109.9,111.36,109.86,51.63K,0.37%
2022年9月20日,109.942,109.29,110.015,109.075,28.29K,0.56%
2022年9月19日,109.333,109.29,109.9,109.233,-,-0.16%
2022年9月16日,109.506,109.54,109.995,109.2,46.85K,0.05%
2022年9月15日,109.452,109.345,109.65,109.15,35.23K,0.07%
2022年9月14日,109.371,109.52,109.635,108.98,27.36K,-0.14%
2022年9月13日,109.528,108.03,109.635,107.45,17.95K,1.32%
2022年9月12日,108.096,108.365,108.605,107.57,15.79K,-0.58%
2022年9月9日,108.732,109.29,109.29,108.1,3.80K,-0.66%
2022年9月8日,109.458,109.425,109.97,109.04,2.75K,-0.10%
2022年9月7日,109.567,110.025,110.48,109.26,1.99K,-0.32%
2022年9月6日,109.919,109.38,110.255,109.125,1.48K,0.61%
2022年9月5日,109.255,109.55,110,109.445,0.55K,0.00%
2022年9月2日,109.255,109.3,109.43,108.66,0.88K,-0.14%
2022年9月1日,109.403,108.52,109.7,108.5,0.78K,0.93%
2022年8月31日,108.4,108.4,108.875,108.055,0.28K,-0.07%
2022年8月30日,108.474,108.385,108.8,108,0.28K,-0.06%
2022年8月29日,108.54,108.695,109.2,108.18,0.86K,0.08%
2022年8月26日,108.451,108.235,108.555,107.265,0.41K,0.29%
2022年8月25日,108.133,108.105,108.31,107.7,0.48K,-0.18%
2022年8月24日,108.326,108.24,108.785,108.005,0.23K,0.06%
2022年8月23日,108.259,108.655,108.9,107.7,0.39K,-0.39%
2022年8月22日,108.681,107.74,108.705,107.74,0.44K,0.81%
2022年8月19日,107.803,107.145,107.84,107.13,0.25K,0.65%
2022年8月18日,107.105,106.145,107.16,106.105,0.17K,0.89%
2022年8月17日,106.161,106.04,106.41,105.96,0.12K,0.11%
2022年8月16日,106.043,106.08,106.425,105.935,0.08K,-0.02%
2022年8月15日,106.068,105.08,106.08,105.08,0.24K,0.88%
2022年8月12日,105.145,104.765,105.345,104.765,0.11K,0.48%
2022年8月11日,104.644,104.76,104.995,104.195,0.07K,-0.08%
2022年8月10日,104.73,105.765,105.825,104.15,0.15K,-1.11%
2022年8月9日,105.902,105.825,105.855,105.555,0.03K,-0.06%
2022年8月8日,105.968,106.19,106.34,105.685,0.23K,-0.15%
2022年8月5日,106.13,105.48,106.46,105.44,0.11K,0.82%
2022年8月4日,105.266,105.96,105.975,105.265,0.05K,-0.73%
2022年8月3日,106.037,105.91,106.3,105.55,0.13K,0.26%
2022年8月2日,105.764,104.965,105.845,104.66,0.10K,0.71%
2022年8月1日,105.016,105.4,105.405,104.83,0.12K,-0.43%
2022年7月29日,105.474,105.75,106.17,105.1,0.13K,-0.42%
2022年7月28日,105.921,105.965,106.52,105.64,0.10K,-0.09%
2022年7月27日,106.016,106.705,106.92,105.855,0.11K,-0.65%
2022年7月26日,106.714,106,106.75,105.795,0.14K,0.64%
2022年7月25日,106.04,106.18,106.335,105.835,0.05K,-0.26%
2022年7月22日,106.316,106.335,106.34,105.725,0.05K,-0.15%
2022年7月21日,106.479,106.655,106.84,106,0.07K,-0.12%
2022年7月20日,106.608,106.165,106.745,105.94,0.16K,0.34%
2022年7月19日,106.25,107.07,107.095,105.975,0.10K,-0.60%
2022年7月18日,106.896,107.3,107.4,106.44,0.05K,-0.64%
2022年7月15日,107.586,108.08,108.185,107.485,0.06K,-0.41%
2022年7月14日,108.032,107.7,108.785,107.675,0.09K,0.60%
2022年7月13日,107.386,107.705,108.05,106.98,0.06K,-0.17%
2022年7月12日,107.567,107.68,108.025,107.385,0.08K,0.09%
2022年7月11日,107.474,106.435,107.675,106.435,0.10K,0.97%
2022年7月8日,106.441,106.435,107.22,106.295,0.13K,-0.14%
2022年7月7日,106.594,106.43,106.68,106.26,0.10K,0.03%
2022年7月6日,106.563,105.93,106.6,105.8,0.04K,0.58%
2022年7月5日,105.95,104.57,106.17,104.57,0.17K,1.34%
2022年7月4日,104.549,104.495,104.665,104.245,0.02K,0.00%
2022年7月1日,104.549,104.2,105.02,104.2,0.04K,0.45%
2022年6月30日,104.084,104.43,104.86,104.06,0.03K,-0.38%
2022年6月29日,104.484,103.93,104.34,103.93,0.01K,0.58%
2022年6月28日,103.881,103.32,103.935,103.32,0.03K,0.54%
2022年6月27日,103.318,103.45,103.47,103.08,0.04K,-0.27%
2022年6月24日,103.599,103.66,103.8,103.4,0.02K,-0.22%
2022年6月23日,103.832,103.72,104.19,103.47,0.03K,0.19%
2022年6月22日,103.631,103.965,104.275,103.375,0.03K,-0.24%
2022年6月21日,103.881,103.85,103.91,103.445,0.07K,-0.28%
2022年6月20日,104.173,104.2,104.2,103.75,0.01K,0.00%
2022年6月17日,104.173,103.285,104.5,103.25,0.08K,1.05%
2022年6月16日,103.087,104.23,104.87,102.95,0.11K,-1.45%
2022年6月15日,104.605,104.45,105.08,104.1,0.09K,-0.37%
2022年6月14日,104.992,104.795,105,104.285,0.21K,0.02%
2022年6月13日,104.966,104.1,105.15,104.095,53.58K,0.92%
2022年6月10日,104.013,103.175,104.1,102.91,44.91K,0.90%
2022年6月9日,103.081,102.44,103.215,102.005,41.28K,0.66%
2022年6月8日,102.406,102.27,102.615,102.125,21.88K,0.23%
2022年6月7日,102.175,102.335,102.7,102.11,13.26K,-0.12%
2022年6月6日,102.295,102,102.315,101.68,13.00K,0.34%
2022年6月3日,101.951,101.565,102.1,101.445,1.66K,0.33%
2022年6月2日,101.617,102.405,102.44,101.53,1.23K,-0.67%
2022年6月1日,102.304,101.54,102.535,101.54,0.92K,0.73%
2022年5月31日,101.566,101.17,101.975,101.17,0.49K,0.48%
2022年5月30日,101.08,101.51,101.555,101.075,0.72K,-0.42%
2022年5月27日,101.503,101.58,101.72,101.255,0.41K,-0.16%
2022年5月26日,101.668,101.86,102.09,101.6,0.59K,-0.21%
2022年5月25日,101.882,101.565,102.265,101.54,0.52K,0.22%
2022年5月24日,101.66,101.925,102.15,101.465,0.78K,-0.25%
2022年5月23日,101.912,102.86,102.86,101.875,0.60K,-1.06%
2022年5月20日,103.008,102.72,103.13,102.68,0.31K,0.42%
2022年5月19日,102.581,103.68,103.68,102.545,0.28K,-1.06%
2022年5月18日,103.682,103.04,103.75,103.04,0.18K,0.48%
2022年5月17日,103.182,104,104.04,103.065,0.21K,-0.81%
2022年5月16日,104.02,104.395,104.415,104,0.12K,-0.36%
2022年5月13日,104.396,104.575,104.8,104.32,0.07K,-0.27%
2022年5月12日,104.682,103.8,104.73,103.78,0.07K,0.99%
2022年5月11日,103.654,103.955,104.15,103.405,-,-0.10%
2022年5月10日,103.753,103.55,103.795,103.305,0.06K,0.24%
2022年5月9日,103.504,103.635,104.015,103.285,0.05K,0.01%
2022年5月6日,103.489,103.375,103.84,103.1,0.06K,-0.07%
2022年5月5日,103.562,102.405,103.71,102.215,0.18K,1.18%
2022年5月4日,102.354,103.24,103.29,102.305,0.07K,-0.84%
2022年5月3日,103.226,103.24,103.285,102.9,0.06K,-0.29%
2022年5月2日,103.526,102.925,103.5,102.88,0.04K,0.80%
2022年4月29日,102.708,103.395,103.395,102.665,0.12K,-0.66%
2022年4月28日,103.389,102.8,103.64,102.8,0.07K,0.68%
2022年4月27日,102.693,102.07,103,102.01,0.08K,0.61%
2022年4月26日,102.073,101.25,102.12,101.23,0.04K,0.57%
2022年4月25日,101.494,100.935,101.525,100.89,0.03K,0.55%
2022年4月22日,100.938,100.3,101.01,100.275,0.10K,0.60%
2022年4月21日,100.339,100.16,100.335,99.59,0.04K,0.20%
2022年4月20日,100.142,100.72,100.72,99.94,0.06K,-0.55%
2022年4月19日,100.694,100.635,100.745,100.49,0.02K,0.19%
2022年4月18日,100.506,100.355,100.575,100.155,0.03K,0.44%
2022年4月14日,100.061,99.665,100.43,99.32,0.05K,0.40%
2022年4月13日,99.663,100.17,100.215,99.575,0.02K,-0.38%
2022年4月12日,100.042,99.795,99.895,99.66,0.01K,0.38%
2022年4月11日,99.664,99.57,99.76,99.5,0.02K,0.17%
2022年4月8日,99.49,99.6,99.93,99.51,0.04K,-0.02%
2022年4月7日,99.505,99.355,99.54,99.35,0.01K,0.19%
2022年4月6日,99.32,99.31,99.5,99.14,0.04K,0.15%
2022年4月5日,99.173,98.66,99.255,98.625,0.02K,0.45%
2022年4月4日,98.729,98.23,98.655,98.23,0.01K,0.36%
2022年4月1日,98.377,98.18,98.4,98.135,0.01K,0.27%
2022年3月31日,98.115,97.6,98.18,97.6,0.03K,0.50%
2022年3月30日,97.63,97.88,97.88,97.5,0.03K,-0.58%
2022年3月29日,98.196,98.84,98.98,97.82,0.01K,-0.62%
2022年3月28日,98.81,98.87,99,98.8,0.01K,0.23%
2022年3月25日,98.582,98.74,98.865,98.42,11.83K,0.02%
2022年3月24日,98.565,98.67,98.67,98.55,0.00K,0.19%
2022年3月23日,98.38,98.63,98.63,98.595,0.00K,0.08%
2022年3月22日,98.298,98.59,98.705,98.28,0.02K,0.01%
2022年3月21日,98.284,98.155,98.17,98,0.01K,0.26%
2022年3月18日,98.027,97.705,98.06,97.705,0.00K,0.27%
2022年3月17日,97.765,98.205,98.225,97.535,0.09K,-0.64%
2022年3月16日,98.396,98.6,98.835,98.16,0.07K,-0.49%
2022年3月15日,98.884,98.825,98.875,98.54,0.04K,-0.14%
2022年3月14日,99.024,99.075,99.3,98.705,15.68K,-0.16%
2022年3月11日,99.183,98.54,99.195,98.285,29.43K,0.64%
2022年3月10日,98.557,98.17,98.625,97.785,30.75K,0.50%
2022年3月9日,98.069,99.22,99.27,97.965,25.00K,-1.21%
2022年3月8日,99.27,99.39,99.47,98.89,15.09K,-0.17%
2022年3月7日,99.436,98.605,99.455,98.605,13.32K,0.78%
2022年3月4日,98.671,98.035,98.91,97.865,1.85K,0.90%
2022年3月3日,97.793,97.475,97.935,97.455,0.85K,0.40%
2022年3月2日,97.404,97.35,97.82,97.29,1.34K,0.03%
2022年3月1日,97.374,96.73,97.535,96.575,1.31K,0.78%
2022年2月28日,96.619,97.3,97.315,96.54,0.67K,0.08%
2022年2月25日,96.544,96.9,97.15,96.45,0.92K,-0.51%
2022年2月24日,97.043,96.26,97.65,96.2,1.25K,0.98%
2022年2月23日,96.098,95.925,96.15,95.775,0.42K,0.17%
2022年2月22日,95.936,96,96.165,95.79,0.36K,-0.03%
2022年2月21日,95.96,96.09,96.09,95.595,0.65K,0.01%
2022年2月18日,95.952,95.78,96.08,95.66,0.17K,0.24%
2022年2月17日,95.723,95.74,96,95.62,0.65K,0.10%
2022年2月16日,95.627,95.94,95.965,95.6,0.36K,-0.31%
2022年2月15日,95.923,96.125,96.205,95.88,0.67K,-0.38%
2022年2月14日,96.291,95.94,96.35,95.87,0.44K,0.31%
2022年2月11日,95.998,95.8,96.045,95.6,0.69K,0.57%
2022年2月10日,95.458,95.53,95.9,95.085,0.45K,0.04%
2022年2月9日,95.424,95.495,95.57,95.31,0.09K,-0.15%
2022年2月8日,95.566,95.335,95.65,95.315,0.13K,0.25%
2022年2月7日,95.327,95.355,95.54,95.295,0.24K,-0.09%
2022年2月4日,95.41,95.25,95.6,95.1,0.41K,0.09%
2022年2月3日,95.324,95.995,96.15,95.235,0.59K,-0.55%
2022年2月2日,95.855,96.165,96.215,95.75,0.18K,-0.47%
2022年2月1日,96.305,96.6,96.6,96.15,0.51K,-0.16%
2022年1月31日,96.462,97.12,97.165,96.445,0.25K,-0.73%
2022年1月28日,97.176,97.12,97.3,96.975,0.13K,0.02%
2022年1月27日,97.157,96.48,97.2,96.475,0.52K,0.85%
2022年1月26日,96.335,95.895,96.445,95.84,0.11K,0.49%
2022年1月25日,95.863,95.91,96.18,95.88,0.07K,0.03%
2022年1月24日,95.836,95.62,96.05,95.615,0.11K,0.28%
2022年1月21日,95.566,95.735,95.735,95.46,0.28K,-0.09%
2022年1月20日,95.655,95.44,95.75,95.38,0.08K,0.23%
2022年1月19日,95.44,95.685,95.72,95.43,0.03K,-0.23%
2022年1月18日,95.658,95.115,95.735,95.07,0.09K,0.58%
2022年1月17日,95.106,95.13,95.26,94.98,0.09K,0.00%
2022年1月14日,95.106,94.75,95.155,94.58,0.15K,0.41%
2022年1月13日,94.715,94.92,94.945,94.615,0.06K,-0.14%
2022年1月12日,94.846,95.53,95.61,94.85,0.18K,-0.75%
2022年1月11日,95.565,95.88,95.915,95.565,0.05K,-0.39%
2022年1月10日,95.935,95.75,96.13,95.73,0.05K,0.27%
2022年1月7日,95.672,96.185,96.19,95.7,0.11K,-0.63%
2022年1月6日,96.281,96.12,96.305,96.1,0.04K,0.16%
2022年1月5日,96.127,96.1,96.165,95.86,0.07K,-0.11%
2022年1月4日,96.229,96.205,96.375,96.005,0.04K,0.07%
2022年1月3日,96.166,95.715,96.235,95.7,0.06K,0.64%
2021年12月31日,95.553,95.915,96,95.565,0.06K,-0.38%
2021年12月30日,95.919,95.865,96.16,95.86,0.05K,0.03%
2021年12月29日,95.886,96.115,96.31,95.685,0.07K,-0.29%
2021年12月28日,96.168,96.06,96.175,95.98,0.05K,0.12%
2021年12月27日,96.051,96.085,96.17,96.02,0.03K,0.10%
2021年12月23日,95.955,96.035,96.135,95.935,0.02K,-0.09%
2021年12月22日,96.039,96.38,96.525,95.99,0.04K,-0.43%
2021年12月21日,96.454,96.42,96.53,96.345,0.02K,-0.06%
2021年12月20日,96.515,96.585,96.6,96.3,0.02K,0.00%
2021年12月17日,96.513,95.93,96.6,95.88,0.02K,0.56%
2021年12月16日,95.98,96.375,96.375,95.84,0.25K,-0.50%
2021年12月15日,96.467,96.48,96.8,96.255,0.04K,-0.05%
2021年12月14日,96.513,96.33,96.515,96.09,0.07K,0.25%
2021年12月13日,96.272,96.085,96.42,96.025,10.94K,0.21%
2021年12月10日,96.074,96.235,96.415,95.95,18.92K,-0.16%
2021年12月9日,96.232,95.965,96.325,95.945,20.25K,0.38%
2021年12月8日,95.865,96.26,96.36,95.815,22.87K,-0.50%
2021年12月7日,96.345,96.26,96.565,96.15,12.52K,0.04%
2021年12月6日,96.305,96.15,96.405,96.095,13.94K,0.24%
2021年12月3日,96.074,96.1,96.4,95.9,1.88K,-0.04%
2021年12月2日,96.108,96,96.115,95.775,0.96K,0.15%
2021年12月1日,95.964,95.91,96.045,95.61,0.99K,0.03%
2021年11月30日,95.937,96.165,96.565,95.5,0.93K,-0.34%
2021年11月29日,96.268,96.15,96.37,96.08,0.86K,0.24%
2021年11月26日,96.034,96.65,96.685,95.945,1.13K,-0.79%
2021年11月25日,96.802,96.71,96.72,96.6,0.20K,0.00%
2021年11月24日,96.802,96.51,96.845,96.37,0.29K,0.39%
2021年11月23日,96.424,96.375,96.53,96.26,0.35K,-0.05%
2021年11月22日,96.474,96,96.48,95.99,1.00K,0.54%
2021年11月19日,95.958,95.53,96.145,95.525,0.20K,0.50%
2021年11月18日,95.477,95.71,95.765,95.46,0.23K,-0.30%
2021年11月17日,95.764,95.8,96.17,95.695,0.38K,-0.09%
2021年11月16日,95.851,95.39,95.9,95.36,0.15K,0.54%
2021年11月15日,95.34,95.06,95.475,94.915,0.12K,0.29%
2021年11月12日,95.063,95.185,95.2,94.945,0.14K,-0.05%
2021年11月11日,95.115,94.865,95.14,94.765,0.31K,0.36%
2021年11月10日,94.773,93.945,94.835,93.935,0.36K,0.93%
2021年11月9日,93.896,94,94.1,93.81,0.35K,-0.09%
2021年11月8日,93.982,94.295,94.373,93.983,-,-0.29%
2021年11月5日,94.252,94.285,94.56,94.115,0.21K,-0.03%
2021年11月4日,94.281,93.755,94.4,93.755,0.12K,0.51%
2021年11月3日,93.803,94.06,94.155,93.765,0.10K,-0.24%
2021年11月2日,94.024,93.87,94.06,93.78,0.06K,0.21%
2021年11月1日,93.824,94.06,94.195,93.815,0.28K,-0.25%
2021年10月29日,94.061,93.28,94.225,93.265,0.56K,0.85%
2021年10月28日,93.266,93.805,93.89,93.2,0.23K,-0.51%
2021年10月27日,93.743,93.83,93.915,93.65,0.16K,-0.14%
2021年10月26日,93.876,93.81,93.95,93.64,0.15K,0.13%
2021年10月25日,93.754,93.61,93.895,93.415,0.09K,0.19%
2021年10月22日,93.575,93.69,93.705,93.48,0.04K,-0.14%
2021年10月21日,93.708,93.57,93.72,93.44,0.05K,0.24%
2021年10月20日,93.485,93.735,93.8,93.495,0.07K,-0.21%
2021年10月19日,93.678,93.83,93.84,93.445,0.24K,-0.23%
2021年10月18日,93.89,93.895,94.125,93.855,0.05K,0.01%
2021年10月15日,93.883,93.865,94.015,93.865,0.03K,-0.03%
2021年10月14日,93.911,93.97,94.01,93.7,0.11K,-0.12%
2021年10月13日,94.025,94.415,94.415,93.96,0.08K,-0.46%
2021年10月12日,94.464,94.36,94.5,94.2,0.14K,0.20%
2021年10月11日,94.271,94.03,94.335,94.03,0.03K,0.27%
2021年10月8日,94.014,94.2,94.26,93.905,0.29K,-0.16%
2021年10月7日,94.161,94.185,94.21,94.05,0.08K,-0.06%
2021年10月6日,94.222,93.95,94.4,93.95,0.17K,0.33%
2021年10月5日,93.912,93.85,93.985,93.825,0.04K,0.20%
2021年10月4日,93.725,93.94,94.055,93.62,0.06K,-0.28%
2021年10月1日,93.987,94.26,94.265,93.95,0.07K,-0.20%
2021年9月30日,94.18,94.265,94.435,94.13,0.32K,-0.12%
2021年9月29日,94.293,93.72,94.345,93.62,0.44K,0.62%
2021年9月28日,93.71,93.35,93.735,93.35,0.61K,0.42%
2021年9月27日,93.321,93.175,93.4,93.135,0.03K,0.05%
2021年9月24日,93.275,93.09,93.34,93.09,0.02K,0.33%
2021年9月23日,92.97,93.42,93.45,92.935,0.09K,-0.45%
2021年9月22日,93.39,93.145,93.445,93,0.07K,0.26%
2021年9月21日,93.145,93.175,93.175,93,0.03K,-0.06%
2021年9月20日,93.201,93.27,93.35,93.16,0.02K,0.09%
2021年9月17日,93.121,92.785,93.14,92.73,0.02K,0.28%
2021年9月16日,92.859,92.575,92.89,92.575,0.09K,0.42%
2021年9月15日,92.474,92.585,92.59,92.39,0.02K,-0.08%
2021年9月14日,92.549,92.56,92.59,92.24,0.08K,-0.11%
2021年9月13日,92.65,92.6,92.88,92.55,19.90K,0.08%
2021年9月10日,92.574,92.515,92.65,92.315,21.09K,0.11%
2021年9月9日,92.474,92.685,92.765,92.365,31.99K,-0.18%
2021年9月8日,92.644,92.55,92.85,92.47,14.37K,0.15%
2021年9月7日,92.509,92.165,92.575,92.1,17.59K,0.53%
2021年9月6日,92.019,92.1,92.305,92.1,2.02K,0.00%
2021年9月3日,92.019,92.225,92.255,91.935,5.95K,-0.23%
2021年9月2日,92.233,92.51,92.54,92.2,1.40K,-0.24%
2021年9月1日,92.454,92.665,92.79,92.38,1.13K,-0.20%
2021年8月31日,92.635,92.7,92.75,92.41,1.30K,-0.02%
2021年8月30日,92.657,92.71,92.785,92.605,0.49K,-0.04%
2021年8月27日,92.695,93.08,93.18,92.63,1.83K,-0.40%
2021年8月26日,93.068,92.82,93.075,92.805,0.49K,0.27%
2021年8月25日,92.82,92.9,93.11,92.81,0.47K,-0.07%
2021年8月24日,92.886,93,93.07,92.8,0.56K,-0.07%
2021年8月23日,92.951,93.45,93.505,92.95,0.76K,-0.58%
2021年8月20日,93.493,93.585,93.71,93.44,0.33K,-0.08%
2021年8月19日,93.568,93.22,93.575,93.22,0.61K,0.48%
2021年8月18日,93.124,93.13,93.25,92.96,0.39K,0.00%
2021年8月17日,93.12,92.61,93.14,92.61,0.22K,0.56%
2021年8月16日,92.599,92.49,92.635,92.46,0.19K,0.11%
2021年8月13日,92.501,92.97,92.98,92.45,0.50K,-0.55%
2021年8月12日,93.013,92.89,93.01,92.83,0.16K,0.12%
2021年8月11日,92.898,93.065,93.175,92.8,0.32K,-0.14%
2021年8月10日,93.025,92.96,93.105,92.92,0.45K,0.12%
2021年8月9日,92.915,92.805,92.975,92.7,0.17K,0.15%
2021年8月6日,92.78,92.27,92.825,92.255,0.20K,0.59%
2021年8月5日,92.239,92.28,92.315,92.115,0.17K,-0.02%
2021年8月4日,92.259,92.075,92.295,91.8,0.29K,0.21%
2021年8月3日,92.063,92.045,92.125,91.9,0.14K,0.02%
2021年8月2日,92.04,92.1,92.145,91.9,0.33K,-0.14%
2021年7月30日,92.168,91.88,92.17,91.775,0.16K,0.35%
2021年7月29日,91.851,92.24,92.27,91.84,0.71K,-0.48%
2021年7月28日,92.292,92.46,92.7,92.22,0.31K,-0.13%
2021年7月27日,92.411,92.545,92.825,92.305,0.28K,-0.24%
2021年7月26日,92.631,92.88,92.915,92.53,0.47K,-0.30%
2021年7月23日,92.908,92.8,93,92.76,0.26K,0.11%
2021年7月22日,92.81,92.785,92.885,92.495,0.53K,0.07%
2021年7月21日,92.745,92.97,93.16,92.71,0.43K,-0.23%
2021年7月20日,92.959,92.83,93.16,92.81,0.40K,0.09%
2021年7月19日,92.88,92.69,93.01,92.615,0.46K,0.23%
2021年7月16日,92.667,92.545,92.74,92.525,0.10K,0.07%
2021年7月15日,92.606,92.385,92.65,92.285,0.12K,0.24%
2021年7月14日,92.385,92.765,92.775,92.335,0.15K,-0.38%
2021年7月13日,92.734,92.195,92.79,92.195,0.11K,0.54%
2021年7月12日,92.236,92.12,92.37,92.075,0.06K,0.14%
2021年7月9日,92.103,92.37,92.465,92.08,0.10K,-0.32%
2021年7月8日,92.395,92.7,92.76,92.245,0.17K,-0.25%
2021年7月7日,92.625,92.515,92.82,92.47,0.12K,0.12%
2021年7月6日,92.518,92.23,92.64,91.985,0.18K,0.14%
2021年7月5日,92.393,92.235,92.32,92.135,0.10K,0.00%
2021年7月2日,92.393,92.53,92.695,92.17,0.20K,-0.21%
2021年7月1日,92.583,92.33,92.585,92.25,0.13K,0.18%
2021年6月30日,92.421,92,92.415,91.99,0.05K,0.43%
2021年6月29日,92.021,91.855,92.165,91.855,0.11K,0.18%
2021年6月28日,91.856,91.735,91.975,91.675,0.14K,0.03%
2021年6月25日,91.829,91.735,91.78,91.5,0.05K,0.05%
2021年6月24日,91.78,91.765,91.825,91.65,0.04K,0.01%
2021年6月23日,91.77,91.72,91.835,91.5,0.16K,0.04%
2021年6月22日,91.731,91.925,92.095,91.65,0.08K,-0.14%
2021年6月21日,91.861,92.225,92.315,91.83,0.17K,-0.36%
2021年6月18日,92.189,91.88,92.345,91.785,0.16K,0.37%
2021年6月17日,91.848,91.38,91.95,91.28,0.24K,0.73%
2021年6月16日,91.182,90.48,91.28,90.42,0.24K,0.77%
2021年6月15日,90.487,90.465,90.665,90.32,0.12K,0.00%
2021年6月14日,90.488,90.49,90.57,90.37,10.27K,-0.04%
2021年6月11日,90.527,90.04,90.58,89.915,24.18K,0.55%
2021年6月10日,90.031,90.1,90.275,89.935,31.17K,-0.07%
2021年6月9日,90.093,90.095,90.135,89.795,13.78K,0.07%
2021年6月8日,90.031,89.945,90.135,89.92,10.65K,0.13%
2021年6月7日,89.914,90.17,90.305,89.88,17.38K,-0.25%
2021年6月4日,90.14,90.51,90.625,90.03,1.98K,-0.40%
2021年6月3日,90.505,89.92,90.555,89.89,1.83K,0.67%
2021年6月2日,89.906,89.885,90.24,89.855,1.32K,0.10%
2021年6月1日,89.815,89.8,89.92,89.65,0.96K,-0.20%
2021年5月31日,89.998,90.01,90.115,89.8,0.42K,0.00%
2021年5月28日,89.998,90.03,90.43,89.975,0.71K,0.04%
2021年5月27日,89.959,90.1,90.175,89.9,0.53K,-0.08%
2021年5月26日,90.03,89.66,90.1,89.575,0.32K,0.44%
2021年5月25日,89.633,89.8,89.835,89.545,0.64K,-0.24%
2021年5月24日,89.853,89.975,90.065,89.785,0.18K,-0.18%
2021年5月21日,90.013,89.75,90.155,89.645,0.31K,0.23%
2021年5月20日,89.805,90.23,90.235,89.76,0.25K,-0.44%
2021年5月19日,90.201,89.795,90.28,89.69,0.48K,0.50%
2021年5月18日,89.749,90.18,90.185,89.695,0.62K,-0.45%
2021年5月17日,90.152,90.35,90.4,90.13,0.35K,-0.20%
2021年5月14日,90.337,90.805,90.805,90.28,0.41K,-0.46%
2021年5月13日,90.75,90.725,90.91,90.57,1.07K,0.09%
2021年5月12日,90.671,90.26,90.82,90.135,1.05K,0.62%
2021年5月11日,90.109,90.26,90.3,89.93,0.38K,-0.07%
2021年5月10日,90.17,90.155,90.3,90.005,0.35K,-0.03%
2021年5月7日,90.201,90.82,90.925,90.165,0.38K,-0.78%
2021年5月6日,90.911,91.235,91.325,90.85,0.18K,-0.39%
2021年5月5日,91.263,91.245,91.41,91.145,0.09K,0.02%
2021年5月4日,91.247,90.995,91.325,90.99,0.18K,0.38%
2021年5月3日,90.905,91.245,91.325,90.835,0.24K,-0.37%
2021年4月30日,91.244,90.58,91.275,90.565,0.24K,0.74%
2021年4月29日,90.573,90.51,90.7,90.4,0.13K,0.00%
2021年4月28日,90.573,90.96,91.07,90.53,0.09K,-0.33%
2021年4月27日,90.872,90.845,91,90.77,0.06K,0.12%
2021年4月26日,90.76,90.8,90.895,90.65,0.22K,-0.08%
2021年4月23日,90.829,91.195,91.2,90.785,0.12K,-0.52%
2021年4月22日,91.306,91.06,91.35,90.97,0.22K,0.21%
2021年4月21日,91.118,91.2,91.395,91.055,0.12K,-0.10%
2021年4月20日,91.212,91.02,91.2,90.85,0.37K,0.19%
2021年4月19日,91.04,91.57,91.7,91.02,0.39K,-0.53%
2021年4月16日,91.529,91.715,91.77,91.475,0.11K,-0.08%
2021年4月15日,91.603,91.615,91.725,91.485,0.15K,-0.07%
2021年4月14日,91.664,91.76,91.78,91.58,0.09K,-0.19%
2021年4月13日,91.834,92.155,92.36,91.78,0.21K,-0.32%
2021年4月12日,92.129,92.215,92.32,92,0.11K,-0.02%
2021年4月9日,92.15,92.065,92.385,92.055,0.09K,0.10%
2021年4月8日,92.054,92.415,92.455,92,0.10K,-0.44%
2021年4月7日,92.457,92.335,92.385,92.165,0.08K,0.13%
2021年4月6日,92.333,92.53,92.75,92.29,0.11K,-0.27%
2021年4月5日,92.585,92.96,93.09,92.55,0.23K,-0.48%
2021年4月2日,93.036,92.88,93.055,92.845,0.04K,0.11%
2021年4月1日,92.932,93.19,93.325,92.88,0.14K,-0.31%
2021年3月31日,93.221,93.275,93.43,93,0.16K,-0.09%
2021年3月30日,93.301,92.885,93.335,92.885,0.10K,0.39%
2021年3月29日,92.936,92.77,92.935,92.73,0.07K,0.20%
2021年3月26日,92.755,92.835,92.835,92.65,0.10K,-0.05%
2021年3月25日,92.806,92.605,92.89,92.515,0.11K,0.32%
2021年3月24日,92.51,92.4,92.6,92.33,0.11K,0.20%
2021年3月23日,92.328,91.8,92.335,91.8,0.14K,0.66%
2021年3月22日,91.721,92.065,92.125,91.69,0.18K,-0.20%
2021年3月19日,91.905,91.905,92.12,91.69,0.15K,0.07%
2021年3月18日,91.845,91.33,91.9,91.29,0.19K,0.47%
2021年3月17日,91.413,91.91,91.965,91.35,0.17K,-0.49%
2021年3月16日,91.86,91.82,92.005,91.675,0.10K,0.03%
2021年3月15日,91.832,91.655,91.97,91.54,28.21K,0.17%
2021年3月12日,91.677,91.42,91.96,91.38,29.37K,0.29%
2021年3月11日,91.415,91.85,91.895,91.34,42.13K,-0.45%
2021年3月10日,91.828,92.01,92.26,91.775,17.66K,-0.14%
2021年3月9日,91.96,92.43,92.53,91.915,10.35K,-0.42%
2021年3月8日,92.344,91.9,92.455,91.85,7.41K,0.39%
2021年3月5日,91.989,91.69,92.21,91.63,5.90K,0.40%
2021年3月4日,91.624,91.015,91.675,90.98,1.55K,0.77%
2021年3月3日,90.927,90.8,91.06,90.62,1.44K,0.16%
2021年3月2日,90.78,91.075,91.39,90.725,1.76K,-0.26%
2021年3月1日,91.018,90.925,91.125,90.7,2.07K,0.17%
2021年2月26日,90.862,90.32,90.955,90.13,1.15K,0.82%
2021年2月25日,90.12,90.085,90.275,89.655,2.52K,-0.03%
2021年2月24日,90.145,90.055,90.415,89.945,0.58K,0.00%
2021年2月23日,90.142,89.985,90.215,89.905,0.35K,0.18%
2021年2月22日,89.979,90.33,90.55,89.965,0.46K,-0.40%
2021年2月19日,90.343,90.53,90.63,90.17,0.49K,-0.25%
2021年2月18日,90.57,90.85,90.965,90.51,0.34K,-0.38%
2021年2月17日,90.919,90.7,91.02,90.6,0.28K,0.49%
2021年2月16日,90.473,90.275,90.6,90.08,0.30K,0.04%
2021年2月15日,90.435,90.3,90.37,90.24,0.05K,0.00%
2021年2月12日,90.435,90.415,90.68,90.34,0.15K,0.06%
2021年2月11日,90.378,90.415,90.425,90.215,0.11K,0.06%
2021年2月10日,90.328,90.45,90.49,90.21,0.21K,-0.08%
2021年2月9日,90.399,90.875,90.875,90.385,0.26K,-0.54%
2021年2月8日,90.894,90.93,91.185,90.845,0.55K,-0.12%
2021年2月5日,91.007,91.485,91.57,90.95,0.36K,-0.53%
2021年2月4日,91.495,91.075,91.55,91.07,0.21K,0.41%
2021年2月3日,91.123,91,91.25,90.955,0.17K,-0.04%
2021年2月2日,91.155,90.965,91.26,90.795,0.23K,0.24%
2021年2月1日,90.94,90.575,91.02,90.465,0.17K,0.44%
2021年1月29日,90.54,90.61,90.725,90.32,0.21K,0.15%
2021年1月28日,90.402,90.735,90.795,90.37,0.19K,-0.22%
2021年1月27日,90.605,90.14,90.83,90.1,0.18K,0.54%
2021年1月26日,90.118,90.305,90.525,90.07,0.10K,-0.25%
2021年1月25日,90.343,90.215,90.475,90.04,0.11K,0.18%
2021年1月22日,90.182,90.065,90.27,90.045,0.23K,0.09%
2021年1月21日,90.097,90.275,90.315,90.015,0.17K,-0.38%
2021年1月20日,90.439,90.388,90.69,90.248,-,-0.01%
2021年1月19日,90.446,90.68,90.725,90.385,0.26K,-0.31%
2021年1月18日,90.727,90.675,90.91,90.675,0.09K,0.00%
2021年1月15日,90.727,90.2,90.75,90.2,0.21K,0.60%
2021年1月14日,90.189,90.225,90.52,90.065,0.14K,-0.14%
2021年1月13日,90.314,89.98,90.4,89.88,0.14K,0.30%
2021年1月12日,90.044,90.445,90.55,89.99,0.15K,-0.42%
2021年1月11日,90.422,90.205,90.67,90.17,0.18K,0.42%
2021年1月8日,90.048,89.855,90.145,89.62,0.29K,0.31%
2021年1月7日,89.771,89.345,89.9,89.345,0.13K,0.32%
2021年1月6日,89.482,89.36,89.75,89.155,0.12K,0.10%
2021年1月5日,89.389,89.79,89.79,89.375,0.09K,-0.48%
2021年1月4日,89.819,89.735,89.89,89.38,0.13K,-0.04%
2020年12月31日,89.859,89.5,89.93,89.5,0.09K,0.27%
2020年12月30日,89.614,89.868,89.9,89.515,-,-0.30%
2020年12月29日,89.883,90.1,90.1,89.83,0.04K,-0.40%
2020年12月28日,90.24,90.1,90.26,89.89,0.07K,0.03%
2020年12月24日,90.215,90.115,90.225,90.075,0.02K,-0.10%
2020年12月23日,90.306,90.4,90.46,90.07,0.03K,-0.23%
2020年12月22日,90.511,90.055,90.55,90.055,0.04K,0.66%
2020年12月21日,89.914,90,90.91,89.97,0.09K,-0.01%
2020年12月18日,89.92,89.805,89.9,89.77,0.01K,0.24%
2020年12月17日,89.706,90.05,90.05,89.62,0.23K,-0.69%
2020年12月16日,90.327,90.33,90.56,90.03,0.05K,-0.05%
2020年12月15日,90.369,90.55,90.685,90.325,0.02K,-0.32%
2020年12月14日,90.655,90.73,90.845,90.345,23.43K,-0.30%
2020年12月11日,90.924,90.67,90.975,90.545,21.50K,0.19%
2020年12月10日,90.751,91,91.08,90.575,27.05K,-0.29%
2020年12月9日,91.011,90.83,91.12,90.595,14.05K,0.14%
2020年12月8日,90.88,90.825,90.925,90.66,10.38K,0.20%
2020年12月7日,90.702,90.675,91.15,90.515,8.92K,0.10%
2020年12月4日,90.609,90.585,90.78,90.38,7.98K,-0.04%
2020年12月3日,90.645,91.03,91.03,90.435,1.98K,-0.45%
2020年12月2日,91.052,91.16,91.43,90.915,1.00K,-0.19%
2020年12月1日,91.227,91.825,91.835,91.085,1.00K,-0.62%
2020年11月30日,91.792,91.695,91.955,91.425,0.90K,0.06%
2020年11月27日,91.741,91.93,91.98,91.69,0.21K,-0.18%
2020年11月26日,91.906,91.905,92.1,91.785,0.22K,0.00%
2020年11月25日,91.906,92.118,92.252,91.91,-,-0.28%
2020年11月24日,92.165,92.445,92.5,92.065,0.42K,-0.29%
2020年11月23日,92.434,92.325,92.73,91.955,0.35K,0.11%
2020年11月20日,92.335,92.25,92.35,92.15,0.16K,0.11%
2020年11月19日,92.234,92.445,92.62,92.19,0.19K,-0.03%
2020年11月18日,92.261,92.405,92.45,92.15,0.13K,-0.09%
2020年11月17日,92.348,92.445,92.485,92.2,0.15K,-0.25%
2020年11月16日,92.58,92.62,92.785,92.4,0.14K,-0.14%
2020年11月13日,92.708,92.895,92.96,92.67,0.11K,-0.22%
2020年11月12日,92.915,92.97,93.045,92.73,0.21K,-0.08%
2020年11月11日,92.994,92.665,93.165,92.6,0.17K,0.31%
2020年11月10日,92.706,92.715,92.935,92.585,0.16K,0.02%
2020年11月9日,92.685,92.155,92.925,92.12,0.40K,0.53%
2020年11月6日,92.195,92.75,92.75,92.13,0.23K,-0.31%
2020年11月5日,92.486,93.36,93.365,92.485,0.28K,-0.96%
2020年11月4日,93.381,93.555,94.25,93.23,0.15K,-0.16%
2020年11月3日,93.53,93.98,93.98,93.305,0.07K,-0.61%
2020年11月2日,94.105,94.105,94.165,93.965,0.15K,0.10%
2020年10月30日,94.007,93.91,94.01,93.755,0.08K,0.07%
2020年10月29日,93.942,93.4,94.075,93.325,0.13K,0.60%
2020年10月28日,93.379,93.125,93.615,93.125,0.16K,0.52%
2020年10月27日,92.897,92.915,93,92.79,0.10K,-0.12%
2020年10月26日,93.009,92.715,93.05,92.715,0.04K,0.30%
2020年10月23日,92.73,93.065,93.065,92.635,0.06K,-0.21%
2020年10月22日,92.929,92.675,92.93,92.61,0.08K,0.39%
2020年10月21日,92.564,92.92,92.92,92.46,0.12K,-0.49%
2020年10月20日,93.016,93.4,93.46,92.975,0.10K,-0.40%
2020年10月19日,93.394,93.69,93.69,93.185,0.12K,-0.27%
2020年10月16日,93.644,93.77,93.81,93.505,0.10K,-0.20%
2020年10月15日,93.829,93.395,93.85,93.385,0.07K,0.52%
2020年10月14日,93.346,93.525,93.525,93.245,0.14K,-0.17%
2020年10月13日,93.501,93.045,93.58,93.045,0.15K,0.47%
2020年10月12日,93.066,93.115,93.205,93.01,0.06K,0.03%
2020年10月9日,93.04,93.4,93.405,92.975,0.08K,-0.62%
2020年10月8日,93.623,93.66,93.775,93.535,0.16K,-0.03%
2020年10月7日,93.653,93.85,93.94,93.6,0.08K,-0.07%
2020年10月6日,93.719,93.4,93.87,93.4,0.15K,0.20%
2020年10月5日,93.53,93.845,93.845,93.395,0.13K,-0.37%
2020年10月2日,93.874,93.755,94.03,93.705,0.10K,0.16%
2020年10月1日,93.725,93.89,93.925,93.58,0.12K,-0.18%
2020年9月30日,93.897,93.88,94.19,93.715,0.09K,0.00%
2020年9月29日,93.895,94.235,94.28,93.865,0.13K,-0.40%
2020年9月28日,94.269,94.55,94.56,94.145,0.12K,-0.40%
2020年9月25日,94.647,94.37,94.69,94.215,0.08K,0.31%
2020年9月24日,94.358,94.28,94.58,94.215,0.13K,-0.04%
2020年9月23日,94.398,94.04,94.425,93.95,0.18K,0.45%
2020年9月22日,93.978,93.56,94.075,93.46,0.13K,0.36%
2020年9月21日,93.639,92.995,93.75,92.995,0.04K,0.79%
2020年9月18日,92.907,92.8,92.945,92.77,0.02K,-0.01%
2020年9月17日,92.919,93.37,93.37,92.865,0.02K,-0.27%
2020年9月16日,93.171,93.07,93.085,92.76,0.02K,0.16%
2020年9月15日,93.025,93.07,93.185,92.79,18.64K,-0.04%
2020年9月14日,93.06,93.335,93.34,92.865,24.01K,-0.30%
2020年9月11日,93.338,93.365,93.4,93.075,27.44K,0.02%
2020年9月10日,93.316,93.255,93.445,92.68,34.05K,0.08%
2020年9月9日,93.244,93.545,93.64,93.1,12.55K,-0.19%
2020年9月8日,93.425,93.055,93.515,92.99,14.64K,0.77%
2020年9月7日,92.709,92.785,93.08,92.785,2.89K,0.00%
2020年9月4日,92.709,92.825,93.245,92.66,5.77K,-0.03%
2020年9月3日,92.735,92.69,93.075,92.69,2.51K,-0.11%
2020年9月2日,92.839,92.265,92.88,92.265,1.29K,0.54%
2020年9月1日,92.342,92.135,92.405,91.75,1.12K,0.22%
2020年8月31日,92.141,92.23,92.5,92.01,1.31K,-0.27%
2020年8月28日,92.389,93.1,93.1,92.2,0.94K,-0.66%
2020年8月27日,93.006,92.85,93.35,92.445,0.57K,-0.02%
2020年8月26日,93.026,93.03,93.365,92.86,0.80K,-0.02%
2020年8月25日,93.049,93.38,93.395,92.99,0.37K,-0.29%
2020年8月24日,93.319,93.2,93.38,92.88,0.23K,0.05%
2020年8月21日,93.27,92.69,93.5,92.61,0.35K,0.50%
2020年8月20日,92.808,93.045,93.24,92.74,0.29K,-0.11%
2020年8月19日,92.91,92.25,93.08,92.19,0.20K,0.68%
2020年8月18日,92.286,92.795,92.795,92.135,0.39K,-0.63%
2020年8月17日,92.872,93.07,93.135,92.8,0.28K,-0.26%
2020年8月14日,93.11,93.325,93.4,93.06,0.09K,-0.25%
2020年8月13日,93.342,93.295,93.4,92.925,0.17K,-0.10%
2020年8月12日,93.433,93.735,93.915,93.245,0.14K,-0.21%
2020年8月11日,93.625,93.63,93.75,93.185,0.29K,0.03%
2020年8月10日,93.594,93.455,93.695,93.33,0.15K,0.17%
2020年8月7日,93.432,92.81,93.62,92.81,0.18K,0.69%
2020年8月6日,92.788,92.805,93.105,92.5,0.27K,-0.09%
2020年8月5日,92.87,93.15,93.22,92.6,0.18K,-0.57%
2020年8月4日,93.398,93.6,93.815,93.23,0.16K,-0.14%
2020年8月3日,93.527,93.4,93.975,93.36,0.22K,0.20%
2020年7月31日,93.341,92.665,93.51,92.52,0.46K,0.34%
2020年7月30日,93.024,93.305,93.625,92.915,0.31K,-0.44%
2020年7月29日,93.437,93.73,93.73,93.12,0.19K,-0.23%
2020年7月28日,93.651,93.515,93.965,93.5,0.22K,0.05%
2020年7月27日,93.605,94.295,94.295,93.445,0.25K,-0.82%
2020年7月24日,94.377,94.735,94.735,94.23,0.19K,-0.28%
2020年7月23日,94.639,94.88,95.135,94.54,0.12K,-0.30%
2020年7月22日,94.922,95.07,95.36,94.765,0.21K,-0.13%
2020年7月21日,95.049,95.65,95.79,95,0.13K,-0.74%
2020年7月20日,95.762,95.855,96.115,95.675,0.05K,-0.11%
2020年7月17日,95.864,96.235,96.27,95.87,0.05K,-0.45%
2020年7月16日,96.294,95.985,96.3,95.85,0.08K,0.28%
2020年7月15日,96.025,96.09,96.16,95.79,0.11K,-0.18%
2020年7月14日,96.195,96.5,96.615,96.13,0.12K,-0.20%
2020年7月13日,96.388,96.435,96.58,96.21,0.09K,-0.21%
2020年7月10日,96.589,96.8,96.935,96.59,0.04K,-0.07%
2020年7月9日,96.653,96.375,96.76,96.185,0.07K,0.30%
2020年7月8日,96.368,96.96,96.96,96.355,0.05K,-0.49%
2020年7月7日,96.839,96.585,97.1,96.585,0.02K,0.16%
2020年7月6日,96.682,97.15,97.15,96.515,0.09K,-0.64%
2020年7月3日,97.302,97.155,97.32,97.155,0.03K,0.00%
2020年7月2日,97.302,97.15,97.29,96.745,0.14K,0.14%
2020年7月1日,97.165,97.31,97.58,97.035,0.05K,-0.20%
2020年6月30日,97.359,97.415,97.785,97.29,0.04K,-0.16%
2020年6月29日,97.511,97.26,97.515,97.145,0.07K,0.10%
2020年6月26日,97.417,97.3,97.625,97.27,0.04K,0.02%
2020年6月25日,97.395,97.26,97.56,97.26,0.02K,0.28%
2020年6月24日,97.124,96.555,97.215,96.555,0.02K,0.54%
2020年6月23日,96.603,96.42,96.605,96.41,0.00K,-0.38%
2020年6月22日,96.975,97.58,97.58,97,0.01K,-0.60%
2020年6月19日,97.562,97.43,97.61,97.17,0.03K,0.19%
2020年6月18日,97.38,97,97.46,97,0.03K,0.27%
2020年6月17日,97.115,96.845,97.26,96.79,0.07K,0.22%
2020年6月16日,96.903,96.485,97.17,96.455,0.05K,0.26%
2020年6月15日,96.65,97.25,97.38,96.55,18.52K,-0.70%
2020年6月12日,97.33,96.845,97.465,96.485,23.76K,0.63%
2020年6月11日,96.723,96.1,96.845,95.915,25.34K,0.86%
2020年6月10日,95.897,96.425,96.495,95.57,13.72K,-0.39%
2020年6月9日,96.271,96.545,97.005,96.18,5.58K,-0.29%
2020年6月8日,96.555,96.835,97.035,96.535,6.53K,-0.35%
2020年6月5日,96.892,96.705,97.02,96.46,1.38K,0.28%
2020年6月4日,96.624,97.26,97.605,96.54,1.05K,-0.62%
2020年6月3日,97.231,97.585,97.585,97.14,0.74K,-0.41%
2020年6月2日,97.631,97.815,97.875,97.395,0.39K,-0.16%
2020年6月1日,97.79,98.27,98.29,97.75,0.24K,-0.54%
2020年5月29日,98.323,98.48,98.56,97.93,0.55K,-0.04%
2020年5月28日,98.36,98.89,99.035,98.35,0.20K,-0.69%
2020年5月27日,99.048,99.08,99.31,98.71,0.19K,0.13%
2020年5月26日,98.919,99.79,99.79,98.915,0.18K,-0.96%
2020年5月25日,99.88,99.76,99.86,99.745,0.02K,0.00%
2020年5月22日,99.88,99.6,99.885,99.575,0.08K,0.48%
2020年5月21日,99.399,99.25,99.54,99.05,0.08K,0.26%
2020年5月20日,99.137,99.515,99.515,99.02,0.08K,-0.23%
2020年5月19日,99.368,99.655,99.77,99.28,0.15K,-0.33%
2020年5月18日,99.692,100.375,100.5,99.63,0.11K,-0.73%
2020年5月15日,100.429,100.31,100.5,100.15,0.03K,-0.07%
2020年5月14日,100.502,100.4,100.6,100.285,0.02K,0.22%
2020年5月13日,100.286,99.98,100.3,99.7,0.03K,0.34%
2020年5月12日,99.95,100.4,100.5,99.77,0.04K,-0.31%
2020年5月11日,100.26,99.75,100.3,99.75,0.10K,0.49%
2020年5月8日,99.775,99.71,99.97,99.485,0.13K,-0.17%
2020年5月7日,99.941,100.31,100.465,99.895,0.08K,-0.22%
2020年5月6日,100.161,99.915,100.26,99.915,0.03K,0.37%
2020年5月5日,99.787,99.515,100.065,99.45,0.08K,0.21%
2020年5月4日,99.573,99.26,99.645,99.26,0.04K,0.45%
2020年5月1日,99.13,99.265,99.265,98.855,0.01K,0.07%
2020年4月30日,99.058,99.505,99.76,99.01,0.06K,-0.60%
2020年4月29日,99.654,99.865,99.94,99.57,0.01K,-0.29%
2020年4月28日,99.944,100.22,100.255,99.545,0.01K,-0.16%
2020年4月27日,100.107,100.39,100.4,99.9,0.08K,-0.32%
2020年4月24日,100.424,100.675,100.9,100.335,0.06K,-0.10%
2020年4月23日,100.527,100.58,100.77,100.18,0.07K,0.02%
2020年4月22日,100.508,100.37,100.59,100.02,0.05K,0.15%
2020年4月21日,100.354,100.25,100.58,100.25,0.05K,0.32%
2020年4月20日,100.034,99.925,100.115,99.835,0.02K,0.22%
2020年4月17日,99.81,99.715,100.25,99.655,0.04K,-0.25%
2020年4月16日,100.065,99.895,100.2,99.645,0.02K,0.62%
2020年4月15日,99.451,99.035,99.96,99.035,0.03K,0.61%
2020年4月14日,98.852,99.25,99.25,98.78,0.07K,-0.46%
2020年4月13日,99.306,99.38,99.505,99.105,0.01K,-0.17%
2020年4月9日,99.477,100.325,100.325,99.38,0.04K,-0.68%
2020年4月8日,100.155,99.97,100.46,99.97,0.05K,0.23%
2020年4月7日,99.929,100.66,100.66,99.705,0.07K,-0.83%
2020年4月6日,100.77,100.66,101.015,100.66,0.02K,0.09%
2020年4月3日,100.677,100.335,100.985,100.32,0.05K,0.40%
2020年4月2日,100.271,99.75,100.37,99.68,0.04K,0.52%
2020年4月1日,99.753,98.975,99.775,98.975,0.05K,0.67%
2020年3月31日,99.092,99.755,99.985,99,0.04K,-0.16%
2020年3月30日,99.246,98.62,99.29,98.345,0.06K,0.73%
2020年3月27日,98.526,99.485,99.96,98.39,0.05K,-0.95%
2020年3月26日,99.468,100.58,100.58,99.395,0.04K,-1.57%
2020年3月25日,101.055,101.825,101.96,100.855,0.03K,-1.23%
2020年3月24日,102.312,102.8,102.8,101.61,0.09K,-0.98%
2020年3月23日,103.32,103.58,103.97,102.5,0.03K,-0.25%
2020年3月20日,103.582,103.63,103.665,102.5,0.04K,-0.19%
2020年3月19日,103.78,102.07,103.98,101.305,0.03K,2.12%
2020年3月18日,101.623,99.37,102,99.37,0.10K,1.91%
2020年3月17日,99.719,98.53,99.96,98.485,0.05K,1.60%
2020年3月16日,98.152,98.45,98.685,97.58,27.31K,-0.76%
2020年3月13日,98.904,97.595,99.07,97.385,64.17K,1.28%
2020年3月12日,97.654,96.545,98.4,96.015,52.41K,1.26%
2020年3月11日,96.442,96.21,96.535,95.81,10.28K,0.17%
2020年3月10日,96.279,95.225,96.465,95.06,10.29K,1.62%
2020年3月9日,94.744,95.65,95.685,94.53,14.93K,-1.09%
2020年3月6日,95.785,96.475,96.475,95.54,3.48K,-0.83%
2020年3月5日,96.588,97.11,97.12,96.3,0.98K,-0.53%
2020年3月4日,97.101,96.955,97.33,96.9,1.32K,0.21%
2020年3月3日,96.902,97.24,97.375,96.635,1.24K,-0.15%
2020年3月2日,97.046,97.545,97.71,96.87,1.29K,-0.76%
2020年2月28日,97.786,98.07,98.315,97.64,1.10K,-0.35%
2020年2月27日,98.131,98.64,98.64,97.98,0.48K,-0.47%
2020年2月26日,98.593,98.625,98.86,98.51,0.21K,0.06%
2020年2月25日,98.536,98.87,98.945,98.475,0.22K,-0.38%
2020年2月24日,98.909,99,99.19,98.665,0.30K,0.10%
2020年2月21日,98.81,99.38,99.4,98.775,0.30K,-0.60%
2020年2月20日,99.406,99.175,99.44,99.175,0.26K,0.18%
2020年2月19日,99.227,98.935,99.225,98.925,0.11K,0.27%
2020年2月18日,98.963,98.765,99.005,98.69,0.12K,0.33%
2020年2月17日,98.635,98.635,98.71,98.595,0.02K,0.00%
2020年2月14日,98.635,98.64,98.685,98.54,0.02K,0.05%
2020年2月13日,98.588,98.535,98.605,98.5,0.03K,0.04%
2020年2月12日,98.552,98.31,98.515,98.23,0.12K,0.33%
2020年2月11日,98.227,98.37,98.415,98.23,0.06K,-0.12%
2020年2月10日,98.344,98.17,98.4,98.13,0.05K,0.15%
2020年2月7日,98.201,97.92,98.215,97.92,0.37K,0.20%
2020年2月6日,98.009,97.795,98.07,97.775,0.09K,0.23%
2020年2月5日,97.788,97.475,97.8,97.46,0.04K,0.36%
2020年2月4日,97.442,97.3,97.47,97.3,0.05K,0.18%
2020年2月3日,97.265,96.885,97.465,96.885,0.14K,0.44%
2020年1月31日,96.843,97.33,97.4,96.8,0.06K,-0.49%
2020年1月30日,97.321,97.47,97.47,97.28,0.06K,-0.12%
2020年1月29日,97.434,97.435,97.555,97.41,0.01K,-0.02%
2020年1月28日,97.45,97.385,97.555,97.385,0.06K,0.07%
2020年1月27日,97.382,97.25,97.4,97.25,0.09K,0.12%
2020年1月24日,97.265,97.11,97.35,97.11,0.05K,0.17%
2020年1月23日,97.102,96.955,97.195,96.91,0.02K,0.19%
2020年1月22日,96.92,96.895,96.97,96.79,0.01K,0.01%
2020年1月21日,96.908,96.975,96.98,96.78,0.06K,-0.07%
2020年1月20日,96.979,97.09,97.09,97.03,0.01K,0.00%
2020年1月17日,96.979,96.675,97,96.675,0.01K,0.31%
2020年1月16日,96.682,96.56,96.7,96.455,0.06K,0.11%
2020年1月15日,96.579,96.74,96.775,96.515,0.09K,-0.15%
2020年1月14日,96.72,96.7,96.885,96.695,0.04K,0.04%
2020年1月13日,96.685,96.775,96.83,96.65,0.06K,-0.02%
2020年1月10日,96.703,96.86,96.92,96.645,0.06K,-0.10%
2020年1月9日,96.801,96.635,96.895,96.635,0.07K,0.17%
2020年1月8日,96.636,96.29,96.66,96.29,0.04K,0.30%
2020年1月7日,96.347,96.01,96.42,96.01,0.07K,0.37%
2020年1月6日,95.995,96.205,96.205,95.915,0.02K,-0.18%
2020年1月3日,96.166,96.13,96.415,96.11,0.03K,0.00%
2020年1月2日,96.168,95.78,96.17,95.78,0.20K,0.50%
2019年12月31日,95.688,95.93,95.93,95.7,0.10K,-0.37%
2019年12月30日,96.047,96.28,96.28,95.965,0.03K,-0.15%
2019年12月27日,96.187,96.69,96.69,96.19,0.12K,-0.59%
2019年12月26日,96.755,96.82,96.82,96.76,0.01K,-0.14%
2019年12月24日,96.891,96.925,97,96.875,0.01K,0.02%
2019年12月23日,96.875,96.88,97.03,96.875,0.02K,-0.04%
2019年12月20日,96.917,96.645,96.975,96.645,0.12K,0.33%
2019年12月19日,96.6,96.565,96.68,96.495,0.11K,-0.01%
2019年12月18日,96.608,96.505,96.67,96.505,0.01K,0.20%
2019年12月17日,96.418,96.465,96.465,96.24,0.03K,-0.17%
2019年12月16日,96.58,96.715,96.73,96.495,12.42K,-0.17%
2019年12月13日,96.745,96.42,96.81,96.295,27.50K,-0.22%
2019年12月12日,96.959,96.64,97.095,96.6,30.46K,0.36%
2019年12月11日,96.616,97.065,97.145,96.575,10.15K,-0.34%
2019年12月10日,96.95,97.2,97.2,96.94,4.53K,-0.24%
2019年12月9日,97.179,97.235,97.275,97.11,10.98K,-0.07%
2019年12月6日,97.246,96.955,97.4,96.82,2.85K,0.30%
2019年12月5日,96.956,97.12,97.12,96.905,0.45K,-0.24%
2019年12月4日,97.187,97.25,97.315,96.95,0.50K,-0.07%
2019年12月3日,97.256,97.44,97.44,97.16,0.21K,-0.10%
2019年12月2日,97.351,97.785,97.865,97.31,0.68K,-0.43%
2019年11月29日,97.767,97.91,98.045,97.735,0.54K,-0.09%
2019年11月28日,97.853,97.845,97.9,97.78,0.05K,0.00%
2019年11月27日,97.853,97.85,97.905,97.79,0.05K,0.12%
2019年11月26日,97.736,97.78,97.865,97.715,0.06K,-0.07%
2019年11月25日,97.803,97.775,97.855,97.68,0.17K,0.04%
2019年11月22日,97.76,97.425,97.77,97.31,0.10K,0.28%
2019年11月21日,97.484,97.28,97.5,97.25,0.07K,0.09%
2019年11月20日,97.399,97.365,97.495,97.32,0.06K,0.08%
2019年11月19日,97.322,97.33,97.335,97.255,0.03K,0.08%
2019年11月18日,97.245,97.39,97.39,97.135,0.10K,-0.21%
2019年11月15日,97.451,97.585,97.6,97.425,0.03K,-0.15%
2019年11月14日,97.594,97.84,97.84,97.56,0.10K,-0.22%
2019年11月13日,97.805,97.745,97.87,97.71,0.02K,0.08%
2019年11月12日,97.726,97.69,97.805,97.69,0.07K,0.12%
2019年11月11日,97.608,97.78,97.78,97.545,0.58K,-0.18%
2019年11月8日,97.786,97.55,97.825,97.55,0.17K,0.21%
2019年11月7日,97.579,97.395,97.64,97.32,0.10K,0.23%
2019年11月6日,97.359,97.34,97.395,97.24,0.01K,-0.05%
2019年11月5日,97.405,96.97,97.41,96.97,0.10K,0.46%
2019年11月4日,96.961,96.595,96.97,96.595,0.03K,0.33%
2019年11月1日,96.64,96.63,96.845,96.555,0.11K,-0.11%
2019年10月31日,96.744,96.815,96.82,96.65,0.16K,-0.28%
2019年10月30日,97.019,96.985,97.38,96.875,0.12K,-0.03%
2019年10月29日,97.044,97.1,97.27,96.99,0.16K,-0.06%
2019年10月28日,97.1,97.225,97.225,97.055,0.14K,-0.08%
2019年10月25日,97.179,96.95,97.19,96.95,0.02K,0.20%
2019年10月24日,96.985,96.81,97.085,96.675,0.14K,0.17%
2019年10月23日,96.821,96.83,96.97,96.795,0.04K,-0.03%
2019年10月22日,96.851,96.62,96.81,96.595,0.10K,0.21%
2019年10月21日,96.645,96.65,96.695,96.505,0.06K,0.04%
2019年10月18日,96.603,96.94,96.945,96.565,0.07K,-0.32%
2019年10月17日,96.915,97.335,97.43,96.83,0.19K,-0.40%
2019年10月16日,97.308,97.46,97.69,97.205,0.38K,-0.30%
2019年10月15日,97.598,97.735,97.93,97.555,0.29K,-0.19%
2019年10月14日,97.78,97.735,97.85,97.725,0.93K,0.19%
2019年10月11日,97.595,97.965,98.025,97.5,0.18K,-0.41%
2019年10月10日,97.996,98.325,98.33,98,0.10K,-0.42%
2019年10月9日,98.41,98.27,98.39,98.24,0.01K,0.02%
2019年10月8日,98.392,98.145,98.46,98.14,0.29K,0.16%
2019年10月7日,98.235,98.115,98.25,98.11,0.01K,0.18%
2019年10月4日,98.058,98.075,98.23,98.075,0.01K,-0.05%
2019年10月3日,98.105,98.27,98.365,97.885,0.08K,-0.14%
2019年10月2日,98.244,98.33,98.54,98.19,0.04K,-0.08%
2019年10月1日,98.327,98.665,98.735,98.285,0.09K,-0.25%
2019年9月30日,98.571,98.3,98.6,98.3,0.01K,0.26%
2019年9月27日,98.311,98.325,98.49,98.255,0.01K,0.00%
2019年9月26日,98.315,98.06,98.395,98.06,0.06K,0.11%
2019年9月25日,98.209,97.55,98.21,97.55,0.01K,0.74%
2019年9月24日,97.487,97.865,97.865,97.47,0.06K,-0.30%
2019年9月23日,97.781,97.64,97.845,97.64,0.01K,0.09%
2019年9月20日,97.696,97.37,97.78,97.37,0.01K,0.30%
2019年9月19日,97.407,97.56,97.56,97.355,0.00K,-0.29%
2019年9月18日,97.694,97.345,97.745,97.345,0.09K,0.36%
2019年9月17日,97.344,97.7,97.7,97.36,0.00K,-0.85%
2019年9月16日,98.175,97.725,98.275,97.615,13.70K,0.35%
2019年9月13日,97.83,97.99,97.995,97.56,18.07K,-0.05%
2019年9月12日,97.876,98.18,98.67,97.62,38.40K,-0.31%
2019年9月11日,98.177,97.87,98.275,97.83,19.63K,0.33%
2019年9月10日,97.857,97.87,97.995,97.79,6.21K,0.06%
2019年9月9日,97.803,97.975,98.04,97.665,20.11K,-0.12%
2019年9月6日,97.925,97.975,98.05,97.71,10.16K,-0.02%
2019年9月5日,97.942,97.945,98.07,97.58,1.36K,-0.02%
2019年9月4日,97.958,98.49,98.49,97.92,1.23K,-0.57%
2019年9月3日,98.519,98.635,98.9,98.435,1.14K,0.10%
2019年9月2日,98.418,98.345,98.64,98.29,1.03K,0.00%
2019年8月30日,98.418,97.95,98.53,97.87,0.46K,0.40%
2019年8月29日,98.027,97.725,98.06,97.685,0.44K,0.33%
2019年8月28日,97.7,97.51,97.755,97.505,0.29K,0.22%
2019年8月27日,97.49,97.53,97.54,97.37,0.21K,-0.09%
2019年8月26日,97.579,97.1,97.57,96.96,0.27K,0.48%
2019年8月23日,97.11,97.69,97.95,97.06,0.51K,-0.55%
2019年8月22日,97.649,97.775,97.85,97.545,0.26K,-0.12%
2019年8月21日,97.771,97.685,97.785,97.605,0.66K,0.11%
2019年8月20日,97.668,97.83,97.92,97.61,0.11K,-0.16%
2019年8月19日,97.821,97.645,97.865,97.61,0.05K,0.22%
2019年8月16日,97.607,97.645,97.805,97.61,0.05K,0.01%
2019年8月15日,97.6,97.42,97.65,97.28,0.08K,0.19%
2019年8月14日,97.416,97.215,97.465,97.105,0.20K,0.19%
2019年8月13日,97.231,96.87,97.25,96.785,0.22K,0.44%
2019年8月12日,96.803,96.935,97.15,96.735,0.07K,-0.13%
2019年8月9日,96.927,96.965,96.995,96.815,0.10K,-0.12%
2019年8月8日,97.04,96.99,97.135,96.87,0.23K,0.08%
2019年8月7日,96.96,96.945,97.075,96.75,0.24K,-0.06%
2019年8月6日,97.016,96.62,97.115,96.6,0.12K,0.12%
2019年8月5日,96.898,97.435,97.435,96.79,0.31K,-0.52%
2019年8月2日,97.402,97.64,97.74,97.405,0.10K,-0.28%
2019年8月1日,97.674,97.96,98.225,97.6,0.22K,-0.11%
2019年7月31日,97.783,97.33,97.975,97.325,0.13K,0.46%
2019年7月30日,97.334,97.37,97.485,97.32,0.02K,0.01%
2019年7月29日,97.321,97.23,97.4,97.18,0.04K,0.05%
2019年7月26日,97.276,97.05,97.35,97.035,0.20K,0.19%
2019年7月25日,97.087,96.99,97.18,96.78,0.32K,0.10%
2019年7月24日,96.989,97,97.01,96.82,0.12K,0.03%
2019年7月23日,96.963,96.515,96.98,96.515,0.30K,0.48%
2019年7月22日,96.495,96.37,96.495,96.365,0.03K,0.13%
2019年7月19日,96.372,95.995,96.39,95.995,0.05K,0.38%
2019年7月18日,96.004,96.345,96.41,95.915,0.02K,-0.40%
2019年7月17日,96.393,96.52,96.545,96.35,0.09K,-0.20%
2019年7月16日,96.588,96.18,96.595,96.18,0.09K,0.51%
2019年7月15日,96.095,96.055,96.145,95.95,0.05K,0.13%
2019年7月12日,95.974,96.14,96.14,95.975,0.17K,-0.24%
2019年7月11日,96.207,96.08,96.24,96,0.01K,-0.04%
2019年7月10日,96.246,96.63,96.63,96.225,0.23K,-0.39%
2019年7月9日,96.625,96.605,96.715,96.605,0.02K,0.12%
2019年7月8日,96.514,96.435,96.535,96.385,0.13K,0.08%
2019年7月5日,96.435,95.975,96.505,95.975,0.31K,0.58%
2019年7月4日,95.876,95.835,95.925,95.835,0.03K,0.00%
2019年7月3日,95.876,95.845,95.9,95.785,0.38K,0.04%
2019年7月2日,95.839,96.005,96.005,95.745,0.14K,-0.14%
2019年7月1日,95.976,95.43,95.98,95.43,0.30K,0.75%
2019年6月28日,95.266,95.34,95.405,95.23,0.03K,-0.08%
2019年6月27日,95.342,95.4,95.5,95.285,0.19K,0.00%
2019年6月26日,95.343,95.43,95.43,95.34,0.01K,0.08%
2019年6月25日,95.263,95.095,95.49,94.975,0.14K,0.17%
2019年6月24日,95.102,95.255,95.28,95.125,0.04K,-0.23%
2019年6月21日,95.318,95.635,95.81,95.29,0.05K,-0.44%
2019年6月20日,95.738,96.3,96.3,95.7,0.07K,-0.43%
2019年6月19日,96.152,96.74,96.74,96.255,0.02K,-0.59%
2019年6月18日,96.718,96.75,96.81,96.7,0.02K,-0.34%
2019年6月17日,97.052,97.055,97.095,96.82,11.29K,-0.01%
2019年6月14日,97.065,96.53,97.085,96.44,35.66K,0.58%
2019年6月13日,96.509,96.46,96.57,96.345,28.94K,0.05%
2019年6月12日,96.46,96.135,96.475,96.035,11.83K,0.34%
2019年6月11日,96.135,96.195,96.345,96.095,9.72K,-0.07%
2019年6月10日,96.205,96.06,96.4,96.05,11.76K,0.24%
2019年6月7日,95.975,96.45,96.595,95.89,5.87K,-0.52%
2019年6月6日,96.475,96.765,96.925,96.23,2.43K,-0.29%
2019年6月5日,96.751,96.5,96.805,96.15,1.45K,0.28%
2019年6月4日,96.484,96.615,96.735,96.395,1.03K,-0.06%
2019年6月3日,96.54,97.105,97.175,96.5,0.90K,-0.61%
2019年5月31日,97.136,97.515,97.535,97.105,0.49K,-0.39%
2019年5月30日,97.513,97.475,97.625,97.46,0.11K,0.01%
2019年5月29日,97.5,97.285,97.56,97.235,0.21K,0.20%
2019年5月28日,97.302,97.065,97.305,97.065,0.14K,0.36%
2019年5月27日,96.952,96.95,97.125,96.88,0.14K,0.00%
2019年5月24日,96.952,97.205,97.23,96.9,0.30K,-0.25%
2019年5月23日,97.193,97.46,97.715,97.14,0.26K,-0.16%
2019年5月22日,97.346,97.335,97.415,97.2,0.04K,-0.02%
2019年5月21日,97.361,97.29,97.41,97.185,0.04K,0.14%
2019年5月20日,97.229,97.275,97.35,97.19,0.03K,-0.06%
2019年5月17日,97.289,97.16,97.315,97.135,0.03K,0.15%
2019年5月16日,97.143,96.845,97.105,96.76,0.04K,0.31%
2019年5月15日,96.846,96.82,96.95,96.75,0.03K,0.06%
2019年5月14日,96.792,96.62,96.8,96.575,0.07K,0.21%
2019年5月13日,96.585,96.54,96.605,96.3,0.12K,-0.01%
2019年5月10日,96.59,96.63,96.65,96.39,0.13K,-0.04%
2019年5月9日,96.629,96.83,96.895,96.49,0.05K,-0.23%
2019年5月8日,96.853,96.71,96.85,96.67,0.02K,-0.01%
2019年5月7日,96.864,96.7,96.925,96.61,0.07K,0.14%
2019年5月6日,96.733,96.8,96.865,96.71,0.06K,0.01%
2019年5月3日,96.72,97.015,97.28,96.69,0.10K,-0.34%
2019年5月2日,97.046,96.85,97.06,96.795,0.03K,0.18%
2019年5月1日,96.87,96.695,96.905,96.42,0.09K,0.22%
2019年4月30日,96.661,97.025,97.025,96.65,0.10K,-0.39%
2019年4月29日,97.041,97.22,97.275,97.035,0.03K,-0.15%
2019年4月26日,97.186,97.335,97.435,97.05,0.04K,-0.20%
2019年4月25日,97.379,97.235,97.5,97.2,0.09K,0.07%
2019年4月24日,97.315,96.75,97.26,96.745,0.13K,0.56%
2019年4月23日,96.77,96.45,96.89,96.45,0.09K,0.37%
2019年4月22日,96.41,96.515,96.525,96.485,0.02K,-0.20%
2019年4月18日,96.606,96.15,96.61,96.115,0.25K,0.50%
2019年4月17日,96.128,96.23,96.23,95.97,0.08K,0.01%
2019年4月16日,96.122,96,96.165,95.98,0.10K,0.09%
2019年4月15日,96.031,95.95,96.045,95.89,0.10K,-0.04%
2019年4月12日,96.073,96.145,96.145,95.84,0.07K,-0.21%
2019年4月11日,96.279,96.045,96.26,96.01,0.17K,0.25%
2019年4月10日,96.038,96.16,96.305,95.945,0.08K,-0.06%
2019年4月9日,96.091,96.11,96.11,95.975,0.03K,-0.04%
2019年4月8日,96.13,96.39,96.415,96.08,0.15K,-0.37%
2019年4月5日,96.487,96.37,96.55,96.355,0.06K,0.09%
2019年4月4日,96.405,96.17,96.415,96.115,0.33K,0.26%
2019年4月3日,96.152,96.25,96.255,96.05,0.02K,-0.27%
2019年4月2日,96.408,96.395,96.57,96.35,0.13K,0.13%
2019年4月1日,96.284,96.26,96.32,96.105,0.09K,-0.05%
2019年3月29日,96.33,96.22,96.375,96.11,0.07K,0.08%
2019年3月28日,96.249,95.885,96.3,95.855,0.42K,0.50%
2019年3月27日,95.773,95.8,96,95.75,0.04K,0.06%
2019年3月26日,95.715,95.53,95.72,95.52,0.01K,0.16%
2019年3月25日,95.558,95.65,95.65,95.475,0.10K,-0.09%
2019年3月22日,95.641,95.29,95.765,95.255,0.02K,0.17%
2019年3月21日,95.477,94.845,95.375,94.78,0.03K,0.82%
2019年3月20日,94.696,95.47,95.47,94.815,0.04K,-0.65%
2019年3月19日,95.316,95.365,95.375,95.275,0.03K,-0.69%
2019年3月18日,95.983,95.995,96.09,95.83,7.96K,-0.07%
2019年3月15日,96.05,96.195,96.25,95.935,14.74K,-0.20%
2019年3月14日,96.239,95.955,96.27,95.94,21.70K,0.27%
2019年3月13日,95.982,96.46,96.46,95.81,21.02K,-0.41%
2019年3月12日,96.379,96.49,96.725,96.275,9.91K,-0.29%
2019年3月11日,96.659,96.78,96.895,96.6,8.94K,-0.10%
2019年3月8日,96.759,97.06,97.09,96.54,7.57K,-0.37%
2019年3月7日,97.123,96.285,97.16,96.27,5.69K,0.85%
2019年3月6日,96.304,96.325,96.45,96.23,1.40K,0.01%
2019年3月5日,96.295,96.11,96.435,96.1,0.96K,0.20%
2019年3月4日,96.1,95.85,96.245,95.795,0.74K,0.14%
2019年3月1日,95.965,95.645,95.98,95.5,1.48K,0.43%
2019年2月28日,95.558,95.535,95.7,95.24,0.21K,-0.01%
2019年2月27日,95.563,95.425,95.58,95.305,0.20K,0.18%
2019年2月26日,95.39,95.79,95.835,95.365,0.20K,-0.42%
2019年2月25日,95.796,95.835,95.985,95.69,2.27K,-0.09%
2019年2月22日,95.882,95.99,96.135,95.82,2.95K,-0.08%
2019年2月21日,95.958,95.835,96.03,95.72,0.55K,0.18%
2019年2月20日,95.789,95.85,95.96,95.61,0.19K,-0.06%
2019年2月19日,95.844,96.18,96.395,95.77,0.17K,-0.39%
2019年2月18日,96.22,96.25,96.25,96.02,0.63K,0.00%
2019年2月15日,96.22,96.355,96.685,96.145,0.16K,-0.07%
2019年2月14日,96.285,96.485,96.575,96.285,0.30K,-0.13%
2019年2月13日,96.408,96,96.445,95.93,0.14K,0.45%
2019年2月12日,95.973,96.37,96.42,95.97,0.16K,-0.37%
2019年2月11日,96.327,95.895,96.365,95.89,0.16K,0.45%
2019年2月8日,95.891,95.83,95.95,95.74,0.09K,0.13%
2019年2月7日,95.764,95.66,95.91,95.655,0.09K,0.14%
2019年2月6日,95.627,95.335,95.65,95.275,0.15K,0.35%
2019年2月5日,95.292,95.02,95.32,95.02,0.09K,0.25%
2019年2月4日,95.05,94.83,95.115,94.825,0.07K,0.28%
2019年2月1日,94.78,94.805,95,94.6,0.07K,-0.01%
2019年1月31日,94.794,94.57,94.8,94.38,0.12K,0.29%
2019年1月30日,94.516,94.965,95.14,94.445,0.07K,-0.49%
2019年1月29日,94.986,94.83,95,94.83,0.10K,0.09%
2019年1月28日,94.904,94.895,95.06,94.79,0.16K,-0.05%
2019年1月25日,94.95,95.68,95.695,94.92,0.28K,-0.86%
2019年1月24日,95.777,95.185,95.84,95.185,0.28K,0.56%
2019年1月23日,95.247,95.465,95.515,95.2,0.20K,-0.21%
2019年1月22日,95.444,95.585,95.625,95.415,0.02K,-0.04%
2019年1月21日,95.478,95.44,95.55,95.43,0.04K,0.00%
2019年1月18日,95.478,95.16,95.515,95.16,0.08K,0.30%
2019年1月17日,95.188,95.205,95.375,95.125,0.08K,0.03%
2019年1月16日,95.157,95.23,95.23,95.09,0.03K,0.00%
2019年1月15日,95.155,94.64,95.36,94.64,0.22K,0.48%
2019年1月14日,94.702,94.755,94.795,94.635,0.07K,-0.06%
2019年1月11日,94.761,94.535,94.85,94.285,0.22K,0.14%
2019年1月10日,94.625,94.28,94.69,94.15,0.08K,0.35%
2019年1月9日,94.295,94.9,94.925,94.2,0.14K,-0.71%
2019年1月8日,94.974,94.81,95.1,94.785,0.11K,0.25%
2019年1月7日,94.738,95.08,95.08,94.745,0.11K,-0.54%
2019年1月4日,95.25,95.33,95.67,95.21,0.09K,-0.14%
2019年1月3日,95.383,95.805,95.805,95.32,0.16K,-0.55%
2019年1月2日,95.913,95.08,96.01,95,0.20K,0.71%
2018年12月31日,95.235,95.525,95.525,95.13,0.02K,-0.24%
2018年12月28日,95.46,95.47,95.47,95.255,0.02K,-0.04%
2018年12月27日,95.496,95.745,95.88,95.445,0.16K,-0.59%
2018年12月26日,96.063,95.545,96.13,95.545,0.06K,0.58%
2018年12月24日,95.507,95.825,95.825,95.43,0.03K,-0.45%
2018年12月21日,95.935,95.38,96.01,95.365,0.20K,0.73%
2018年12月20日,95.243,95.99,96,95.16,0.25K,-0.79%
2018年12月19日,95.999,95.87,96.02,95.595,0.04K,-0.06%
2018年12月18日,96.06,96.085,96.145,95.83,0.02K,-0.51%
2018年12月17日,96.55,96.89,96.94,96.505,12.70K,-0.37%
2018年12月14日,96.91,96.56,97.195,96.555,22.67K,0.38%
2018年12月13日,96.541,96.555,96.775,96.345,22.38K,0.04%
2018年12月12日,96.503,96.835,96.945,96.335,19.38K,-0.34%
2018年12月11日,96.833,96.625,96.995,96.31,14.27K,0.18%
2018年12月10日,96.663,96.1,96.68,95.775,17.81K,0.75%
2018年12月7日,95.941,96.215,96.35,95.925,2.31K,-0.29%
2018年12月6日,96.224,96.4,96.61,95.945,3.06K,-0.23%
2018年12月5日,96.445,96.37,96.59,96.2,0.74K,0.11%
2018年12月4日,96.337,96.3,96.5,95.75,1.15K,-0.07%
2018年12月3日,96.404,96.5,96.53,96.09,0.63K,-0.26%
2018年11月30日,96.656,96.195,96.685,96.12,0.48K,0.52%
2018年11月29日,96.159,96.235,96.38,96,0.33K,0.01%
2018年11月28日,96.151,96.77,96.9,96.065,0.83K,-0.60%
2018年11月27日,96.735,96.375,96.85,96.33,0.24K,0.32%
2018年11月26日,96.429,96.27,96.43,96.04,0.23K,0.16%
2018年11月23日,96.275,95.765,96.3,95.755,0.24K,0.25%
2018年11月22日,96.035,96.035,96.04,95.69,0.06K,0.00%
2018年11月21日,96.035,96.165,96.195,95.82,0.29K,-0.14%
2018年11月20日,96.166,95.565,96.19,95.385,0.48K,0.68%
2018年11月19日,95.516,95.72,95.855,95.42,0.30K,-0.26%
2018年11月16日,95.763,96.265,96.32,95.7,0.32K,-0.48%
2018年11月15日,96.221,96.235,96.65,96.055,0.31K,0.15%
2018年11月14日,96.074,96.315,96.655,96.07,0.30K,-0.50%
2018年11月13日,96.559,96.83,96.875,96.335,0.36K,-0.25%
2018年11月12日,96.802,96.29,96.93,96.24,0.35K,0.66%
2018年11月9日,96.169,95.915,96.23,95.885,0.15K,0.19%
2018年11月8日,95.985,95.42,96,95.355,0.13K,0.77%
2018年11月7日,95.247,95.2,95.67,94.91,0.35K,-0.32%
2018年11月6日,95.557,95.54,95.65,95.425,0.16K,0.04%
2018年11月5日,95.523,95.62,95.89,95.545,0.11K,-0.27%
2018年11月2日,95.783,95.595,95.845,95.25,0.48K,0.27%
2018年11月1日,95.526,96.175,96.175,95.435,0.20K,-0.85%
2018年10月31日,96.341,96.225,96.405,96.1,0.07K,0.11%
